date,n_candidates_before_filters,n_candidates_after_filters,n_selected,sum_w,selected_assets,selected_avg_p_up,selected_avg_upside,fallback_used
2019-06-20,42,19,19,1.0,XLK|IWM|XLU|USMV|GLD|XLY|XLF|XLRE|EWJ|XLB|RSP|IEF|TIP|EWU|VNQ|QUAL|SLV|EWC|BIL,0.6231368421052631,0.004280195643378261,0
2019-07-05,42,20,20,1.0,USO|EWA|XLY|XLK|EWJ|XLP|DIA|XLI|EEM|RSP|VTI|TLT|HYG|IEF|SPY|QUAL|EWC|VGK|BND|MTUM,0.63068,0.006083415373071499,0
2019-07-19,42,17,17,1.0000000000000002,XLRE|XLP|MDY|IWM|TLT|XLI|GLD|SLV|EFA|DBC|EWJ|HYG|XLF|TIP|XLE|XLV|RSP,0.6258117647058823,0.004656924689111223,0
2019-08-02,42,22,22,1.0,XLK|IWM|XLRE|GLD|USMV|XLY|EWU|XLB|EWJ|RSP|VWO|XLI|TIP|EWA|BND|DBC|VGK|HYG|USO|LQD|SHY|BIL,0.6322363636363636,0.005422742646642039,0
2019-08-16,42,21,21,0.9999999999999999,XLI|GLD|EWU|XLF|VTI|XLB|EWJ|DIA|USMV|HYG|VNQ|XLE|EWA|XLV|EMB|BND|RSP|MDY|BIL|EWC|SHY,0.6551238095238097,0.004117925149732728,0
2019-08-30,42,17,17,1.0000000000000002,XLE|SLV|XLU|VTI|QUAL|QQQ|XLV|HYG|DIA|LQD|BND|SPY|EWU|TIP|XLF|SHY|BIL,0.6253411764705882,0.005102873468594987,0
2019-09-16,42,24,24,1.0,EEM|XLK|QQQ|EWU|TLT|VNQ|MTUM|DBC|QUAL|IWM|VGK|LQD|IEF|TIP|EMB|XLV|BND|XLP|XLY|VTI|XLB|SHY|USMV|BIL,0.624,0.00497816930178524,0
2019-09-30,42,24,24,1.0,XLE|XLY|EWU|QUAL|EWA|RSP|XLU|XLK|USMV|XLB|HYG|DIA|DBC|MDY|VTI|VGK|BND|XLI|EMB|GLD|SPY|TIP|XLV|BIL,0.6297833333333333,0.004828768193673921,0
2019-10-14,42,30,30,0.9999999999999998,USO|XLY|XLF|XLRE|XLU|VWO|TLT|RSP|GLD|VTI|VGK|EWC|USMV|XLP|DIA|TIP|HYG|XLV|SLV|XLK|IEF|MDY|EMB|EEM|LQD|VNQ|SHY|BND|SPY|BIL,0.6338533333333333,0.004425841370978974,0
2019-10-28,42,18,18,1.0,SLV|XLRE|TLT|XLU|XLY|EWU|EWA|USO|DBC|IEF|MDY|XLP|TIP|BND|XLE|USMV|BIL|SHY,0.6679555555555555,0.004795307898337881,0
2019-11-11,42,29,29,1.0000000000000002,QQQ|XLK|QUAL|SLV|TLT|EFA|RSP|XLY|SPY|XLB|EWU|VTI|DIA|VWO|GLD|XLRE|EWC|IEF|USMV|DBC|EWA|XLI|XLE|MTUM|SHY|XLP|BND|HYG|BIL,0.6395862068965517,0.004333887470268343,0
2019-11-25,42,23,23,1.0,GLD|USO|MDY|EFA|XLU|EWJ|EWU|EWC|VGK|EWA|SLV|LQD|MTUM|IWM|XLRE|XLP|EMB|XLI|USMV|SHY|XLK|HYG|BIL,0.6667130434782608,0.00329712828007965,0
2019-12-10,42,22,22,1.0000000000000002,XLI|SLV|GLD|XLE|XLU|XLB|XLP|EWC|XLK|EWU|XLY|VWO|BND|DIA|LQD|IEF|EFA|HYG|TLT|SHY|VNQ|BIL,0.6565818181818183,0.004489984815964248,0
2019-12-24,42,23,23,1.0,USO|MDY|TLT|RSP|XLK|XLP|USMV|IWM|DIA|QUAL|EMB|EWC|XLU|HYG|IEF|SPY|EWJ|XLRE|VTI|XLF|TIP|SHY|BIL,0.6072695652173914,0.005279860231009165,0
2020-01-09,42,14,14,0.9999999999999999,GLD|XLK|XLP|XLE|LQD|XLI|QQQ|MDY|TIP|IEF|IWM|XLB|XLF|BIL,0.6275714285714284,0.003548196926282134,0
2020-01-24,42,26,26,1.0,VWO|EEM|USO|TLT|EWA|EWU|SLV|XLRE|XLV|DIA|VNQ|XLF|RSP|QUAL|VGK|SPY|EWJ|HYG|EFA|LQD|VTI|BND|SHY|XLP|IEF|BIL,0.6090615384615385,0.005370739378735317,0
2020-02-07,42,24,24,1.0,VGK|USO|XLP|XLY|SPY|EEM|VWO|USMV|MTUM|EMB|MDY|GLD|TLT|EWU|EFA|IWM|XLB|EWC|XLV|BND|TIP|LQD|BIL|RSP,0.6586000000000001,0.004271479658697054,0
2020-02-24,42,24,24,1.0,XLK|QQQ|XLRE|QUAL|VWO|SPY|VNQ|XLV|RSP|XLY|VTI|IWM|TLT|VGK|MDY|XLU|TIP|EMB|IEF|LQD|EWA|SHY|XLB|BIL,0.6379833333333332,0.006387712019244152,0
2020-03-09,42,24,24,1.0,VTI|XLRE|MTUM|XLB|USO|EEM|GLD|TLT|XLY|XLU|EMB|EWU|QUAL|VNQ|HYG|MDY|IWM|BND|XLV|SPY|IEF|SHY|EWJ|VWO,0.5958666666666667,0.008543950275067713,0
2020-03-23,42,16,16,1.0,VNQ|EEM|GLD|QQQ|XLU|VWO|BND|XLK|HYG|SHY|TIP|XLB|EFA|XLRE|EWJ|XLE,0.430525,0.03443855203288382,0
2020-04-06,42,12,12,1.0,SLV|VNQ|IWM|GLD|MDY|XLB|QQQ|XLF|BND|SHY|XLK|BIL,0.5920333333333333,0.00795192663705957,0
2020-04-21,42,30,30,1.0,XLE|XLF|MDY|XLI|QQQ|SPY|XLB|XLRE|XLV|IWM|RSP|EEM|VWO|VGK|EWU|USMV|EFA|EWA|VNQ|QUAL|EWJ|XLP|EWC|HYG|DIA|EMB|MTUM|TIP|BND|LQD,0.52568,0.02127867348969472,0
2020-05-05,42,19,19,1.0,XLRE|USO|QQQ|VNQ|XLY|XLF|VTI|MTUM|TLT|GLD|LQD|XLV|TIP|HYG|XLI|IEF|XLP|BND|BIL,0.6401894736842104,0.013007099681914176,0
2020-05-19,42,22,22,1.0,EEM|DIA|QQQ|XLB|USMV|XLRE|VWO|XLY|TLT|SLV|XLV|RSP|SPY|XLP|EMB|LQD|VNQ|BND|TIP|SHY|BIL|IEF,0.5863454545454544,0.01686363727045276,0
2020-06-03,42,27,27,0.9999999999999999,EWA|DIA|VNQ|EWC|XLI|MTUM|EEM|XLK|IWM|XLU|XLE|XLRE|RSP|XLF|GLD|XLB|MDY|TLT|VGK|USMV|SLV|XLP|VTI|SPY|TIP|SHY|BIL,0.5499259259259259,0.020441492751475644,0
2020-06-17,42,21,21,1.0,XLRE|USMV|EWU|VWO|MTUM|EEM|EMB|XLY|DIA|XLE|XLP|XLF|DBC|SLV|EWC|EWA|TIP|XLI|IEF|BIL|SHY,0.6292190476190476,0.008328729152074514,0
2020-07-01,42,15,15,1.0,XLE|XLF|VNQ|QUAL|XLRE|TLT|EWU|DIA|HYG|VTI|SPY|XLP|VWO|BND|BIL,0.6478400000000001,0.008964807022992953,0
2020-07-16,42,16,16,1.0,EWA|XLI|XLE|MDY|VGK|VWO|EWC|SLV|VTI|RSP|EFA|LQD|SPY|BND|EMB|BIL,0.58055,0.013321085873677557,0
2020-07-30,42,17,17,0.9999999999999998,VNQ|MDY|EWC|XLU|SLV|QUAL|XLK|QQQ|TIP|IEF|EEM|DIA|DBC|BND|VWO|EMB|BIL,0.6128941176470589,0.010507197127431207,0
2020-08-13,42,20,20,0.9999999999999998,EWA|GLD|EFA|TLT|MDY|EWJ|XLU|VGK|XLRE|LQD|IEF|XLY|TIP|VNQ|VWO|BND|EMB|MTUM|BIL|SHY,0.68048,0.00580190767294173,0
2020-08-27,42,25,25,1.0,XLE|GLD|SPY|EFA|XLP|XLY|VNQ|VTI|VWO|XLRE|TIP|MTUM|TLT|QUAL|HYG|EEM|IEF|DIA|VGK|EMB|LQD|SLV|XLV|BND|BIL,0.6526879999999999,0.0063877736024568945,0
2020-09-11,42,28,28,1.0,SLV|XLY|XLP|EWA|XLI|XLRE|DBC|VNQ|XLE|QUAL|EFA|EWJ|RSP|DIA|VTI|XLV|VGK|EWU|LQD|TLT|BND|HYG|VWO|EEM|IEF|EMB|SHY|BIL,0.6510142857142858,0.00725427706365673,0
2020-09-25,42,27,27,1.0,XLE|XLI|EWA|XLK|EWU|XLRE|SLV|VNQ|QQQ|IWM|MTUM|GLD|USO|EWC|XLB|VGK|LQD|DIA|XLY|QUAL|EMB|BND|USMV|RSP|EFA|SHY|BIL,0.6288148148148148,0.011864567969172925,0
2020-10-09,42,20,20,1.0,XLF|XLK|TLT|GLD|IWM|EWA|EWU|SPY|RSP|SLV|MTUM|VWO|EWJ|HYG|QUAL|TIP|SHY|VGK|BIL|IEF,0.6232,0.013061379867384194,0
2020-10-23,42,30,30,1.0,XLU|SLV|GLD|XLY|XLP|SPY|EWC|IWM|VTI|XLI|QUAL|DBC|EFA|IEF|XLV|XLB|BND|TLT|RSP|DIA|XLRE|EWA|EMB|HYG|LQD|TIP|VNQ|SHY|EWJ|BIL,0.6107066666666667,0.00807856761950736,0
2020-11-06,42,19,19,1.0,SLV|EWA|XLU|XLB|XLK|XLRE|DBC|TLT|EFA|LQD|XLI|DIA|XLY|IEF|TIP|VGK|VWO|BIL|SHY,0.6201052631578947,0.0102975016634961,0
2020-11-20,42,16,16,0.9999999999999999,XLF|VNQ|IWM|XLV|GLD|MTUM|XLK|XLI|EWA|QQQ|EWC|TIP|USMV|SLV|SHY|BIL,0.5882750000000001,0.013632324594157072,0
2020-12-07,42,23,23,1.0,XLF|XLE|RSP|VWO|EEM|QUAL|IWM|XLU|SPY|QQQ|VTI|EFA|XLK|MDY|VGK|IEF|EMB|LQD|HYG|EWC|SLV|BIL|SHY,0.5573217391304348,0.016305401346967056,0
2020-12-21,42,15,15,1.0000000000000002,SLV|XLE|IWM|MTUM|VGK|DBC|GLD|VNQ|USMV|IEF|EWC|LQD|BND|SHY|BIL,0.6197333333333332,0.009356734321253456,0
2021-01-06,42,16,16,1.0,SLV|XLF|XLB|VGK|XLP|VNQ|XLRE|XLU|XLK|TIP|TLT|BND|XLI|GLD|EMB|BIL,0.680625,0.007954741859105677,0
2021-01-21,42,21,21,0.9999999999999998,XLE|SLV|IWM|MTUM|XLP|EWA|SPY|VTI|TLT|XLY|QQQ|EWU|XLB|IEF|LQD|EEM|XLF|EMB|SHY|BIL|BND,0.5679047619047619,0.012289952432354503,0
2021-02-04,42,25,25,1.0,XLE|EWU|EWA|QUAL|XLV|MDY|GLD|RSP|VGK|TLT|EFA|EWC|DIA|EWJ|XLY|DBC|SLV|LQD|XLP|XLI|BND|EMB|TIP|BIL|SHY,0.6226400000000001,0.01050313109882552,0
2021-02-19,42,26,26,0.9999999999999999,XLE|USO|XLF|GLD|IWM|VNQ|MDY|XLRE|TLT|SLV|MTUM|EWU|XLI|QQQ|TIP|IEF|VTI|XLU|XLK|LQD|HYG|DBC|BND|XLY|SHY|BIL,0.6655846153846154,0.0067819501450845105,0
2021-03-05,42,28,28,1.0,XLE|XLK|MTUM|QUAL|SLV|EEM|RSP|XLP|VNQ|VWO|XLY|EWC|EWJ|DBC|VTI|SPY|EWU|XLI|TIP|EFA|HYG|VGK|XLB|IWM|BND|XLV|SHY|BIL,0.6322285714285715,0.009005203100045258,0
2021-03-19,42,29,29,1.0,XLE|XLK|VNQ|IWM|XLI|EEM|EWC|VWO|VTI|XLY|XLRE|EWJ|LQD|DIA|SLV|TLT|BND|EWU|XLP|XLV|SPY|IEF|VGK|XLU|EWA|EFA|HYG|TIP|SHY,0.6166620689655171,0.010481538413669297,0
2021-04-05,42,25,25,1.0,XLB|VNQ|MTUM|XLI|QUAL|IWM|VWO|XLP|XLK|EEM|VTI|SPY|XLRE|EMB|SLV|EWA|XLY|GLD|XLU|EWJ|USMV|BND|TIP|SHY|BIL,0.596128,0.009674355706729205,0
2021-04-19,42,29,29,1.0,USO|RSP|XLK|XLRE|XLB|SPY|GLD|QUAL|VTI|DIA|XLP|VWO|VNQ|SLV|EFA|XLY|EEM|EMB|VGK|MTUM|XLE|EWU|TIP|EWA|USMV|IEF|XLU|SHY|BIL,0.6403586206896551,0.009064207359814024,0
2021-05-03,42,21,21,0.9999999999999997,XLK|QQQ|EWJ|EWA|SLV|USO|DBC|XLF|VNQ|VWO|XLRE|EFA|XLV|VGK|DIA|EWU|USMV|TIP|IEF|VTI|SHY,0.6423047619047618,0.008228644567161018,0
2021-05-17,42,25,25,1.0,QQQ|XLI|XLB|EWC|XLU|EWU|VNQ|XLF|GLD|XLK|VGK|XLRE|VTI|XLP|XLY|MDY|IWM|EEM|TLT|VWO|DBC|SPY|EMB|SHY|BIL,0.604272,0.010124059019635787,0
2021-06-01,42,18,18,0.9999999999999999,XLI|XLE|SLV|EWC|XLU|XLRE|MTUM|MDY|XLP|XLV|LQD|EWU|XLY|XLB|EEM|BND|HYG|SHY,0.6503555555555555,0.005901115491996924,0
2021-06-15,42,20,20,0.9999999999999998,VWO|XLU|MTUM|XLRE|VTI|VNQ|XLE|DIA|XLP|IWM|EWJ|GLD|USMV|EMB|XLB|LQD|RSP|BIL|XLY|SHY,0.6756399999999999,0.004743208376831454,0
2021-06-29,43,27,27,0.9999999999999999,XLB|XLF|EWC|VNQ|VWO|XLC|QQQ|DBC|GLD|VTI|XLRE|SPY|XLI|XLK|RSP|XLP|IWM|BND|QUAL|EWJ|MDY|SLV|LQD|EMB|EWU|HYG|XLY,0.6219703703703703,0.006950112906928666,0
2021-07-14,43,20,20,1.0,XLK|XLF|QQQ|TLT|QUAL|RSP|SPY|EWA|XLE|SLV|XLI|IEF|BND|HYG|IWM|EWC|XLP|EWU|LQD|EWJ,0.62106,0.007622887452483651,0
2021-07-28,43,20,20,0.9999999999999999,XLF|DBC|EWC|XLE|EWU|USO|EWA|XLP|XLV|EFA|MDY|USMV|HYG|SLV|XLI|EWJ|LQD|IWM|BND|SHY,0.6190800000000001,0.007413778946563277,0
2021-08-11,43,25,25,1.0,VWO|GLD|EWA|VNQ|XLRE|XLE|USO|XLI|XLY|EFA|RSP|XLK|HYG|LQD|MTUM|TIP|QQQ|IWM|XLB|MDY|SLV|EMB|BND|SHY|IEF,0.6470560000000001,0.004500249630616659,0
2021-08-25,43,28,28,1.0,USO|IWM|XLY|XLB|TLT|XLP|DBC|QUAL|GLD|VTI|EEM|SPY|EFA|XLK|QQQ|XLF|XLRE|VNQ|XLU|TIP|EWA|EWJ|VGK|LQD|SLV|BIL|BND|SHY,0.6073571428571428,0.007409159154287145,0
2021-09-09,43,23,23,1.0000000000000002,EEM|USO|QUAL|RSP|EWJ|DBC|EWA|VNQ|MTUM|XLE|EWC|XLF|MDY|XLRE|LQD|VTI|SPY|TIP|IWM|XLP|XLV|XLC|BND,0.6768347826086957,0.0038520222182192405,0
2021-09-23,43,27,27,1.0,QUAL|EEM|XLB|XLC|XLY|EWA|XLE|EWJ|RSP|VWO|GLD|XLP|SLV|VTI|SPY|USMV|EFA|XLV|IEF|EWC|USO|DIA|IWM|XLI|BND|EMB|SHY,0.6202666666666665,0.008560264862417842,0
2021-10-07,43,26,26,1.0,EEM|EWA|XLV|XLY|DBC|EFA|XLB|SPY|GLD|RSP|XLI|EWC|XLE|MTUM|EWJ|IEF|TLT|XLP|LQD|IWM|HYG|VGK|BND|TIP|MDY|SHY,0.6412923076923077,0.005725004997706477,0
2021-10-21,43,26,26,1.0,USO|QUAL|XLV|XLC|XLE|QQQ|MTUM|TLT|VTI|GLD|DBC|XLRE|XLB|XLP|RSP|XLI|VGK|VWO|EFA|XLK|EMB|IEF|LQD|XLU|SHY|BIL,0.6047076923076923,0.007958679943251484,0
2021-11-04,43,23,23,1.0,USO|DBC|XLY|MTUM|XLE|RSP|DIA|VTI|XLU|XLV|XLC|QUAL|SPY|EMB|VWO|EWA|EWJ|XLK|IWM|LQD|EWU|HYG|BIL,0.6243826086956522,0.006672214689050287,0
2021-11-18,43,28,28,1.0000000000000002,XLY|IWM|MTUM|XLF|TLT|XLC|GLD|EWA|MDY|DIA|USO|EWJ|XLU|XLP|EWU|EWC|IEF|SLV|VWO|BND|LQD|EFA|XLB|VNQ|XLI|HYG|RSP|SHY,0.6550857142857145,0.004639259772834604,0
2021-12-03,43,21,21,1.0,XLE|XLC|XLF|QQQ|XLY|RSP|VNQ|EWU|XLK|DIA|XLV|VTI|TIP|IWM|XLP|EWC|SLV|GLD|BND|IEF|SHY,0.6142285714285712,0.009073385813732817,0
2021-12-17,43,26,26,0.9999999999999998,XLK|XLY|MTUM|QQQ|SPY|VWO|EWJ|DIA|SLV|VGK|XLRE|XLI|EFA|GLD|USMV|XLP|XLU|BND|XLB|XLF|VTI|XLV|HYG|TIP|LQD|IEF,0.6498615384615385,0.004937832751319418,0
2022-01-03,43,26,26,0.9999999999999999,USO|QQQ|DBC|XLE|MDY|XLV|XLB|XLF|XLU|EEM|SLV|EWA|SPY|XLP|EWC|USMV|VGK|VTI|TLT|TIP|XLI|EMB|GLD|IWM|LQD|EFA,0.6305692307692308,0.007294612632265334,0
2022-01-18,43,22,22,1.0000000000000002,XLY|MDY|XLRE|XLK|EWC|USMV|XLV|QUAL|VTI|XLC|RSP|TLT|VNQ|SPY|LQD|EEM|EWU|GLD|EMB|TIP|XLP|DIA,0.666018181818182,0.007189842972761656,0
2022-02-01,43,23,23,0.9999999999999999,XLY|DBC|EWC|QQQ|XLP|EWU|MTUM|VNQ|EWJ|QUAL|VWO|SLV|XLI|EMB|MDY|GLD|DIA|LQD|HYG|SPY|VGK|TIP|TLT,0.6233565217391306,0.0070100951676492,0
2022-02-15,43,27,27,0.9999999999999999,USO|DBC|QQQ|XLC|XLV|QUAL|EWU|EWC|EEM|XLF|XLB|XLY|SLV|DIA|SPY|XLP|EFA|TIP|HYG|XLI|VGK|EWJ|MDY|BND|XLK|LQD|BIL,0.6299851851851851,0.008280053899547755,0
2022-03-02,43,21,21,1.0,MTUM|XLE|XLC|XLP|USO|XLV|EMB|EWC|USMV|LQD|SPY|DIA|BND|XLU|VNQ|XLF|TLT|GLD|HYG|XLY|SHY,0.6076571428571429,0.007433387062757572,0
2022-03-16,43,26,26,1.0000000000000002,XLE|DBC|XLK|VWO|EEM|XLC|SLV|VTI|QUAL|SPY|TLT|LQD|HYG|EWJ|DIA|MDY|MTUM|XLRE|EMB|BND|EWU|XLB|EWC|XLI|XLV|TIP,0.6205846153846153,0.008530744742203073,0
2022-03-30,43,28,28,1.0000000000000002,USO|MTUM|XLK|DBC|VWO|VGK|EEM|EFA|SLV|QUAL|QQQ|XLP|EWC|XLF|IWM|RSP|XLV|EWA|SPY|TLT|MDY|XLB|EWU|BND|XLI|TIP|EWJ|XLE,0.6052,0.013439789812282952,0
2022-04-13,43,25,25,1.0,USO|VGK|XLC|EFA|SPY|IWM|XLP|QQQ|XLV|VTI|MTUM|TLT|XLB|EWU|USMV|XLRE|HYG|XLF|EWA|EMB|LQD|DIA|MDY|TIP|XLY,0.632208,0.010395437260012318,0
2022-04-28,43,26,26,1.0,EEM|XLC|MTUM|VWO|EFA|DBC|QQQ|VNQ|XLE|RSP|LQD|EWA|EMB|HYG|XLP|DIA|TLT|MDY|XLI|TIP|XLF|BND|VTI|EWC|USMV|QUAL,0.6500153846153847,0.0075304966902763806,0
2022-05-12,43,19,19,1.0,DBC|MDY|XLK|XLY|MTUM|VNQ|XLU|QQQ|VTI|XLB|XLV|EMB|QUAL|USMV|EWC|EWU|TIP|LQD|TLT,0.6677263157894737,0.008943166650850785,0
2022-05-26,43,19,19,0.9999999999999999,XLE|XLF|XLY|VNQ|VGK|SLV|EFA|GLD|XLV|XLC|EWC|TLT|EWJ|HYG|EMB|USMV|XLRE|QQQ|XLI,0.6001263157894737,0.012679515179461724,0
2022-06-10,43,22,22,1.0,USO|MDY|IWM|MTUM|RSP|XLI|VGK|EEM|VWO|XLV|XLP|XLB|TLT|DBC|XLRE|TIP|EWU|VNQ|EMB|IEF|BND|EWA,0.6239272727272728,0.011458219269278348,0
2022-06-27,43,23,23,1.0,XLE|DBC|QQQ|XLK|XLY|XLC|XLRE|EWC|VNQ|VTI|EEM|SPY|XLU|DIA|XLV|USMV|XLB|VWO|USO|GLD|EWU|XLP|SLV,0.5529217391304347,0.017949354360074388,0
2022-07-12,43,27,27,1.0,XLE|XLK|QQQ|XLY|XLRE|XLB|VNQ|VGK|EWC|EEM|DBC|EFA|EWA|VTI|QUAL|SPY|DIA|XLP|SLV|EWU|TLT|VWO|EMB|USMV|LQD|GLD|BND,0.5463851851851852,0.01623979469225827,0
2022-07-26,43,14,14,0.9999999999999999,DBC|XLB|SLV|XLE|XLC|EWC|EEM|VWO|USO|EWU|BND|EMB|GLD|BIL,0.6065428571428572,0.01182606459424743,0
2022-08-09,43,16,16,1.0,XLE|XLF|EWA|VNQ|RSP|EWU|QUAL|XLP|TIP|EMB|SPY|HYG|TLT|DIA|SHY|BIL,0.6598999999999999,0.006549651587336253,0
2022-08-23,43,27,27,0.9999999999999999,USO|DBC|VNQ|XLB|EWC|EWA|XLI|VGK|EEM|XLF|QUAL|XLE|QQQ|RSP|XLC|XLRE|XLP|TIP|XLV|XLU|VTI|BND|SHY|MTUM|SPY|XLY|BIL,0.6526962962962962,0.009396063983807504,0
2022-09-07,43,28,28,1.0,XLE|XLY|XLB|VGK|QUAL|XLI|EEM|EFA|EWA|EWU|USO|DBC|XLC|XLP|DIA|XLV|XLU|GLD|EMB|XLK|VNQ|HYG|BND|IEF|RSP|VWO|BIL|SHY,0.6110714285714287,0.009717701017514608,0
2022-09-21,43,25,25,0.9999999999999999,USO|DBC|XLC|EWA|RSP|EWU|VNQ|XLK|SPY|VGK|XLRE|XLU|EWJ|QQQ|DIA|EFA|VTI|USMV|VWO|HYG|XLY|XLV|XLI|BIL|XLP,0.610592,0.012646869941640472,0
2022-10-05,43,25,25,1.0,USO|DBC|XLK|XLF|EWA|QUAL|QQQ|EWC|EWU|XLB|MDY|XLE|DIA|EFA|MTUM|EWJ|VGK|USMV|XLV|SPY|XLP|TLT|VTI|TIP|HYG,0.5592959999999999,0.017124180585317825,0
2022-10-19,43,18,18,1.0,XLB|SPY|VTI|XLF|USMV|EWJ|XLV|RSP|SLV|VGK|GLD|MTUM|XLU|IEF|BND|SHY|HYG|BIL,0.5656222222222222,0.009870940495103805,0
2022-11-02,43,19,19,0.9999999999999999,USO|XLRE|QQQ|XLB|IWM|MDY|DBC|SPY|VTI|EWJ|EMB|HYG|XLC|VNQ|SLV|TIP|XLI|XLF|SHY,0.6522736842105263,0.008074025659082504,0
2022-11-16,43,19,19,1.0000000000000002,XLE|XLF|USO|EWC|XLB|MDY|SPY|VTI|XLI|EWJ|QUAL|XLY|VWO|GLD|TLT|XLU|XLP|EEM|BIL,0.5569052631578947,0.013219520909419306,0
2022-12-01,43,24,24,1.0,USO|XLE|QQQ|XLRE|VGK|XLU|VNQ|EFA|VWO|DBC|EEM|SLV|XLI|DIA|GLD|XLP|USMV|BND|XLV|RSP|EWU|XLK|BIL|EWA,0.5930666666666666,0.01182156781577895,0
2022-12-15,43,20,20,1.0000000000000002,XLE|DBC|XLF|RSP|VWO|MTUM|IWM|GLD|USMV|EWA|XLY|XLU|XLI|VNQ|XLK|DIA|XLRE|TIP|XLB|BIL,0.5697800000000001,0.011958929353920367,0
2022-12-30,43,25,25,1.0,XLE|XLRE|VNQ|XLY|EWC|XLU|XLC|MTUM|EWU|EFA|VTI|USMV|GLD|VGK|RSP|HYG|XLI|XLV|SPY|BND|LQD|DIA|MDY|DBC|IWM,0.636896,0.00799585369637792,0
2023-01-17,43,28,28,0.9999999999999999,USO|DBC|XLY|XLRE|EWC|VNQ|EWJ|XLK|VWO|EWU|EEM|QUAL|RSP|HYG|XLV|MTUM|GLD|USMV|IEF|XLI|XLF|EWA|LQD|XLP|QQQ|DIA|SHY|BIL,0.6091571428571428,0.009035281763916183,0
2023-01-31,43,21,21,0.9999999999999999,VWO|EFA|DBC|VGK|EWU|USO|GLD|SPY|EEM|SLV|XLU|VTI|USMV|XLI|LQD|IEF|XLRE|XLE|QUAL|HYG|BIL,0.6192761904761904,0.006594411464479028,0
2023-02-14,43,21,21,1.0,XLY|SLV|XLC|EWA|DBC|EWC|XLF|MDY|EMB|XLB|TLT|RSP|XLK|HYG|EFA|DIA|USMV|BND|XLV|LQD|BIL,0.6109714285714286,0.009048584340476925,0
2023-03-01,43,20,20,1.0000000000000002,VGK|SLV|TLT|VTI|XLC|IWM|XLU|QUAL|GLD|HYG|XLP|XLI|BND|XLF|XLV|XLK|TIP|SHY|EWA|BIL,0.6509800000000001,0.005386211403552754,0
2023-03-15,43,28,28,1.0,XLRE|SLV|VNQ|XLE|XLK|XLF|EWU|RSP|USO|QUAL|MTUM|USMV|GLD|LQD|EFA|DBC|XLI|IEF|XLV|XLP|TIP|QQQ|DIA|VTI|BND|EWC|BIL|SHY,0.6290285714285714,0.0075417978366923355,0
2023-03-29,43,19,19,1.0,XLE|USO|XLK|XLU|DBC|VNQ|TLT|EWU|VWO|XLRE|XLV|EWJ|QUAL|RSP|LQD|XLY|SPY|GLD|BIL,0.5935789473684211,0.009963096561994438,0
2023-04-13,43,13,13,0.9999999999999999,QQQ|USO|TLT|SPY|XLV|DIA|IWM|XLP|EWC|USMV|QUAL|XLU|BND,0.6299076923076922,0.0064465650291793625,0
2023-04-27,43,22,22,0.9999999999999998,SLV|QQQ|XLB|DBC|XLRE|GLD|VGK|EFA|EWU|XLK|IWM|EEM|XLP|IEF|XLE|XLI|VWO|DIA|SPY|BIL|EWC|SHY,0.6296909090909091,0.006541856949151568,0
2023-05-11,43,28,28,1.0,XLE|DBC|XLB|XLRE|QUAL|XLY|USO|RSP|VGK|IWM|SLV|EWU|VNQ|EWC|XLP|MDY|TLT|EFA|XLV|XLU|LQD|VTI|IEF|USMV|EEM|HYG|BIL|TIP,0.6477285714285715,0.00523833064994749,0
2023-05-25,43,26,26,1.0000000000000002,USO|SLV|XLY|XLB|XLU|EWJ|VNQ|MTUM|XLRE|GLD|VWO|RSP|TLT|SPY|EMB|XLI|EEM|USMV|XLF|IWM|DIA|QUAL|MDY|IEF|HYG|BIL,0.5955076923076923,0.0065124353637414645,0
2023-06-09,43,16,16,0.9999999999999999,XLE|SLV|EWJ|DBC|USO|XLF|GLD|EWU|MTUM|VGK|MDY|EMB|XLP|BND|HYG|LQD,0.5594250000000001,0.009000055380505412,0
2023-06-26,43,29,29,0.9999999999999998,XLY|SLV|USO|VTI|XLU|XLI|MDY|SPY|VWO|XLP|GLD|XLK|XLRE|EEM|EWA|XLV|RSP|EWC|QUAL|MTUM|DIA|BND|SHY|USMV|QQQ|EWU|HYG|BIL|XLC,0.6522344827586207,0.00473660808900886,0
2023-07-11,43,14,14,1.0,XLE|XLI|RSP|GLD|MDY|XLU|IWM|XLC|XLK|QQQ|BND|MTUM|IEF|HYG,0.6390857142857141,0.005535691297244342,0
2023-07-25,43,19,19,1.0000000000000002,XLC|USO|EWJ|EWC|IWM|XLY|USMV|MTUM|IEF|BND|QQQ|VGK|GLD|SHY|DBC|XLU|BIL|LQD|EFA,0.6688210526315789,0.003751553747279634,0
2023-08-08,43,24,24,1.0,QQQ|VTI|SPY|RSP|XLE|SLV|TLT|MDY|XLB|EEM|QUAL|USMV|XLP|XLF|EWU|HYG|XLY|XLI|BND|XLU|EMB|VWO|IEF|XLK,0.6387666666666667,0.005605693989316364,0
2023-08-22,43,30,30,1.0,VTI|XLU|EWU|USO|XLRE|XLK|XLY|XLI|XLB|VNQ|SLV|GLD|QQQ|SPY|MTUM|VWO|USMV|BND|EMB|TIP|XLE|IEF|EWJ|XLC|EWA|XLF|LQD|SHY|BIL|RSP,0.6277333333333334,0.005138234362128732,0
2023-09-06,43,24,24,0.9999999999999998,QQQ|XLI|XLK|USO|EWU|XLB|XLU|EMB|XLRE|QUAL|DBC|EWC|LQD|EWJ|HYG|XLP|XLV|BIL|VWO|GLD|DIA|XLY|SLV|USMV,0.6508833333333334,0.004057391301060522,0
2023-09-20,43,26,26,0.9999999999999999,XLC|QUAL|VTI|QQQ|DBC|RSP|SLV|XLY|EEM|SPY|EMB|DIA|XLU|LQD|IWM|MTUM|VGK|XLV|USO|BIL|XLF|XLE|IEF|HYG|SHY|BND,0.6258923076923076,0.0046625152850391285,0
2023-10-04,43,21,21,1.0,USO|EEM|XLRE|RSP|XLK|QUAL|XLE|MTUM|DBC|VWO|EWJ|EMB|DIA|XLV|USMV|QQQ|BIL|XLB|HYG|MDY|SHY,0.5928190476190475,0.0076141943261707834,0
2023-10-18,43,19,19,1.0,MDY|VGK|EWC|TLT|QUAL|XLY|XLI|VNQ|EWA|XLF|GLD|LQD|XLE|EFA|XLRE|MTUM|BIL|SLV|SHY,0.6208421052631578,0.0058658954278941215,0
2023-11-01,43,21,21,0.9999999999999999,VGK|XLU|EWU|IWM|EWJ|TLT|XLE|XLC|SLV|EFA|GLD|VTI|XLF|XLY|EEM|EWC|IEF|USMV|VWO|BIL|SPY,0.6383809523809525,0.006054837594723848,0
2023-11-15,43,20,20,1.0,XLU|XLY|XLE|XLK|XLF|XLV|IEF|EWU|USMV|EWC|GLD|MDY|RSP|EMB|LQD|BIL|VWO|HYG|VNQ|DBC,0.59358,0.005457113122558732,0
2023-11-30,43,23,23,0.9999999999999999,VNQ|XLP|XLU|TLT|XLY|XLV|XLC|IEF|EWA|VTI|EWC|VWO|VGK|BIL|RSP|USO|MTUM|EWU|QUAL|SLV|HYG|SPY|EFA,0.6487130434782609,0.003716894567853083,0
2023-12-14,43,14,14,0.9999999999999999,XLE|XLP|TLT|MTUM|EMB|EEM|XLB|XLF|BIL|XLRE|TIP|LQD|XLK|EWC,0.6307714285714284,0.003822337899062722,0
2023-12-29,43,17,17,0.9999999999999999,XLC|XLI|IWM|DIA|EFA|USO|EWC|VWO|EWJ|XLE|DBC|IEF|TIP|SHY|XLP|BIL|TLT,0.5990823529411764,0.00656096563429099,0
2024-01-16,43,20,20,1.0,MTUM|XLI|EWU|RSP|VGK|EMB|GLD|VWO|EWC|TLT|DBC|XLP|XLF|IWM|EEM|BIL|DIA|XLE|TIP|SHY,0.6783999999999999,0.00450332905281422,0
2024-01-30,43,19,19,1.0,VNQ|XLK|USO|QQQ|XLU|QUAL|XLF|USMV|XLRE|IWM|DIA|EEM|XLC|VTI|SPY|DBC|BIL|TIP|XLE,0.639557894736842,0.005445822017250319,0
2024-02-13,43,22,22,0.9999999999999998,XLK|XLU|XLF|XLRE|QQQ|VGK|USO|SPY|LQD|XLI|XLV|EWC|BND|VTI|VWO|DBC|TIP|MTUM|BIL|HYG|IEF|XLY,0.6045999999999999,0.00632211212054398,0
2024-02-28,43,25,25,1.0,EWA|XLF|SLV|XLRE|VGK|VTI|SPY|QUAL|XLV|HYG|XLI|USMV|RSP|EFA|EWC|DBC|XLC|EWU|EEM|GLD|EWJ|XLP|SHY|BND|BIL,0.636128,0.006675293818496693,0
2024-03-13,43,24,24,1.0000000000000002,RSP|XLK|XLRE|EWC|QUAL|VTI|XLY|SPY|XLF|EEM|USO|GLD|USMV|XLB|SLV|XLU|EFA|EWU|TIP|IWM|BIL|SHY|LQD|IEF,0.6317833333333333,0.005848997409355572,0
2024-03-27,43,19,19,1.0000000000000002,USO|XLE|XLK|XLI|XLF|EEM|EWA|VWO|LQD|DBC|EWC|XLV|IEF|XLY|QQQ|BND|BIL|IWM|SHY,0.6375578947368421,0.005274165941810925,0
2024-04-11,43,23,23,1.0,XLE|MTUM|XLI|TLT|SPY|VGK|EWC|XLB|XLP|DIA|XLY|IWM|XLC|TIP|XLK|BND|HYG|BIL|GLD|EEM|DBC|EWU|SHY,0.6357391304347826,0.006432676808599419,0
2024-04-25,43,24,24,1.0,SLV|XLRE|XLE|XLF|GLD|EWC|XLB|QUAL|MTUM|MDY|DIA|SPY|XLY|EEM|VTI|RSP|EFA|VGK|HYG|USO|BIL|USMV|IEF|XLU,0.6657166666666666,0.005230146831212479,0
2024-05-09,43,26,26,0.9999999999999999,SLV|XLI|VGK|MDY|XLC|EWJ|USO|XLU|EEM|XLK|EWA|VNQ|SPY|XLF|XLRE|VTI|EMB|DBC|LQD|BND|BIL|XLE|TIP|EFA|MTUM|SHY,0.6203846153846153,0.008083594856370216,0
2024-05-23,43,23,23,1.0,XLE|XLI|MDY|EWA|XLK|IWM|SPY|VNQ|GLD|XLRE|EMB|RSP|QQQ|EWC|IEF|XLY|EFA|BIL|HYG|DIA|VGK|TLT|SHY,0.6437913043478262,0.005173824403612794,0
2024-06-07,43,27,27,1.0,VGK|XLU|QQQ|SPY|EEM|VWO|IWM|QUAL|GLD|XLB|EWJ|USMV|XLV|MDY|DBC|VNQ|XLC|XLF|XLRE|RSP|EWC|TIP|EWU|BND|DIA|SHY|BIL,0.6415259259259258,0.0058671871208369085,0
2024-06-24,43,23,23,1.0000000000000002,XLK|SPY|QUAL|XLE|GLD|EWC|XLI|EFA|VWO|EEM|EWA|MDY|VGK|XLU|XLP|XLY|XLF|IWM|DBC|BIL|SHY|VNQ|BND,0.6516695652173914,0.006180557891751778,0
2024-07-09,43,22,22,0.9999999999999997,SLV|XLC|XLK|MTUM|XLE|XLB|XLU|EFA|VTI|DIA|XLP|RSP|HYG|SPY|XLY|BIL|USO|DBC|EWC|XLI|MDY|SHY,0.6891454545454544,0.00569470330578595,0
2024-07-23,43,27,27,0.9999999999999999,QQQ|XLK|SLV|MTUM|XLC|XLE|USO|EFA|GLD|EWU|DIA|XLF|XLRE|EWA|XLB|VNQ|VGK|XLV|IWM|HYG|LQD|SPY|BIL|TIP|QUAL|BND|XLY,0.6389333333333334,0.008048148319890062,0
2024-08-06,43,26,26,1.0,XLK|IWM|SLV|MTUM|VNQ|USO|VTI|EWA|XLRE|RSP|DIA|HYG|TLT|EFA|SPY|USMV|XLF|QUAL|TIP|XLY|BND|BIL|IEF|XLI|EWC|EMB,0.6402461538461538,0.007760194798324571,0
2024-08-20,43,16,16,1.0,IWM|SLV|MTUM|GLD|MDY|USMV|XLV|EWU|LQD|EWC|HYG|XLB|BIL|XLE|XLP|SHY,0.64425,0.00771211042928914,0
2024-09-04,43,30,30,1.0,SLV|MTUM|XLF|EFA|XLP|GLD|XLV|USO|VGK|VWO|EWJ|EWU|EWA|XLB|XLI|EWC|DIA|XLE|HYG|XLK|EMB|RSP|TLT|BIL|XLC|DBC|USMV|LQD|TIP|MDY,0.64752,0.0066789831920089915,0
2024-09-18,43,24,24,0.9999999999999999,XLK|SLV|QQQ|IWM|GLD|XLE|DIA|EFA|RSP|MTUM|EWJ|XLRE|XLI|VGK|EWU|VNQ|BND|XLV|EEM|LQD|USMV|MDY|BIL|SHY,0.6080166666666666,0.010416895602787885,0
2024-10-02,43,26,26,1.0,SLV|XLK|XLE|XLC|VWO|XLB|XLI|GLD|VGK|XLF|MDY|XLU|VNQ|XLRE|XLP|EWU|MTUM|SPY|QUAL|VTI|EEM|IEF|EWJ|XLV|BIL|BND,0.7015230769230769,0.0077756004999238225,0
2024-10-16,43,26,26,1.0,SLV|RSP|XLI|EEM|SPY|VWO|VGK|EFA|XLY|DIA|QQQ|VNQ|XLRE|USMV|XLP|IEF|USO|EMB|EWU|EWC|XLV|XLF|BND|HYG|EWJ|BIL,0.6358307692307693,0.009698966110890793,0
2024-10-30,43,27,27,0.9999999999999998,VWO|EWA|RSP|MTUM|QUAL|XLC|XLI|USO|VGK|GLD|XLP|EMB|MDY|IWM|XLE|EWJ|XLF|VTI|XLV|XLB|SPY|VNQ|XLRE|XLY|BIL|XLK|SHY,0.6929925925925926,0.006910186065401732,0
2024-11-13,43,30,30,0.9999999999999999,XLRE|GLD|MTUM|XLU|QUAL|XLI|EWU|VWO|DIA|RSP|EMB|XLC|USO|QQQ|VNQ|DBC|SPY|EWJ|XLP|EWC|BND|TLT|XLV|MDY|TIP|XLY|LQD|VGK|SHY|HYG,0.6288933333333334,0.007560834723334849,0
2024-11-27,43,28,28,1.0,XLI|GLD|XLY|XLF|MTUM|VTI|EWC|XLU|VGK|EWA|XLE|EEM|SLV|EWU|MDY|DBC|USMV|XLP|DIA|RSP|XLK|XLB|IEF|EMB|SHY|TLT|BIL|TIP,0.6680285714285714,0.007600703745475985,0
2024-12-12,43,24,24,1.0,IWM|XLY|GLD|XLF|MTUM|QQQ|VGK|MDY|DIA|RSP|VWO|EWC|EMB|EFA|LQD|IEF|TLT|XLRE|XLP|BIL|XLB|XLI|EWU|EWJ,0.6823333333333332,0.005766875032208389,0
2024-12-27,43,24,24,1.0,IWM|RSP|XLC|MDY|GLD|EEM|MTUM|XLU|VTI|XLB|EFA|EMB|XLP|XLV|SPY|XLE|XLY|EWA|BIL|TIP|XLF|SHY|USO|DIA,0.6756833333333333,0.00673084500458727,0
2025-01-14,43,28,28,1.0,XLC|EEM|VNQ|QQQ|SLV|XLF|RSP|XLB|XLK|MTUM|SPY|VTI|EWC|EWU|QUAL|VGK|EFA|TIP|XLRE|TLT|HYG|XLI|BIL|EMB|SHY|GLD|IEF|LQD,0.6428142857142857,0.007587762402579269,0
2025-01-29,43,26,26,1.0,QQQ|IWM|XLY|VWO|XLK|QUAL|XLU|VGK|TLT|MDY|DBC|VTI|XLE|EMB|XLI|BND|MTUM|EWC|HYG|USMV|SPY|RSP|SHY|BIL|TIP|EFA,0.6964307692307692,0.005775244328919293,0
2025-02-12,43,27,27,1.0,MDY|IWM|EEM|VNQ|QQQ|VWO|QUAL|RSP|EWU|EWC|XLY|XLU|EWA|SLV|EWJ|USMV|EFA|VTI|DIA|XLRE|BND|XLE|EMB|SPY|GLD|SHY|BIL,0.6615555555555555,0.006671197759166741,0
2025-02-27,43,27,27,1.0000000000000002,QQQ|SLV|EWA|EWC|USMV|XLB|VNQ|XLV|VTI|XLK|IWM|XLI|TLT|DIA|HYG|GLD|XLU|EMB|TIP|LQD|XLY|BIL|SHY|XLRE|DBC|EWU|XLP,0.6541481481481483,0.004988447108908424,0
2025-03-13,43,23,23,0.9999999999999999,EEM|XLF|MTUM|XLI|EWC|DIA|VWO|SPY|SLV|VTI|VNQ|XLY|XLRE|USO|XLC|EWA|USMV|QUAL|BIL|HYG|XLP|DBC|XLE,0.6630434782608695,0.0070356768717511784,0
2025-03-27,43,30,30,1.0,XLC|IWM|QQQ|MTUM|EEM|XLF|VGK|SLV|XLB|EWA|DIA|VNQ|EWU|USO|VWO|EWC|XLU|XLE|USMV|VTI|LQD|EWJ|SPY|RSP|XLRE|TLT|EMB|BIL|IEF|HYG,0.6288400000000001,0.007754320510880711,0
2025-04-10,43,25,25,1.0,XLY|MTUM|QUAL|XLU|GLD|VTI|XLRE|USO|SPY|IWM|EWU|EWJ|XLP|HYG|USMV|SLV|EMB|VWO|XLE|TLT|LQD|SHY|BIL|VGK|XLF,0.636192,0.00825609613913577,0
2025-04-25,43,25,25,0.9999999999999999,IWM|XLE|XLF|XLY|EWA|SPY|XLB|VTI|RSP|QUAL|VNQ|DIA|SLV|XLV|GLD|MDY|VWO|EWC|VGK|EFA|EEM|DBC|TIP|BIL|HYG,0.6096,0.009558380588349714,0
2025-05-09,43,26,26,1.0000000000000002,IWM|MDY|XLE|XLK|XLRE|SPY|RSP|DIA|VTI|GLD|XLV|QUAL|VWO|DBC|XLU|EEM|QQQ|USMV|EWU|LQD|IEF|EWJ|EWA|SHY|BIL|BND,0.6564153846153846,0.0074579807267572875,0
2025-05-23,43,28,28,1.0,VGK|XLY|USO|GLD|MTUM|XLB|XLF|XLE|QUAL|XLV|XLC|XLI|SPY|DIA|SLV|XLRE|EEM|RSP|VWO|USMV|IEF|TLT|BND|EMB|HYG|MDY|EWJ|BIL,0.6496428571428572,0.00794852465076359,0
2025-06-09,43,23,23,1.0,XLY|SLV|XLV|MDY|XLF|VTI|VNQ|QQQ|XLU|XLK|EWA|EWJ|TLT|XLP|DIA|SPY|RSP|BND|IEF|TIP|USMV|BIL|XLRE,0.6233913043478261,0.006496267862212227,0
2025-06-24,43,25,25,1.0,VGK|EFA|VWO|USO|XLY|GLD|MDY|EWU|VTI|QQQ|DIA|XLE|XLC|XLRE|USMV|SLV|XLF|XLU|IEF|QUAL|SHY|TIP|XLP|BIL|TLT,0.679312,0.005690552225459653,0
2025-07-09,43,21,21,1.0000000000000002,XLE|GLD|EWA|XLU|XLRE|IWM|TLT|XLC|MTUM|XLP|USMV|XLY|RSP|TIP|LQD|SHY|BND|DBC|BIL|EMB|HYG,0.6779619047619047,0.0034221115845455763,0
2025-07-23,43,21,21,1.0,EEM|XLE|SLV|VWO|MTUM|XLY|XLRE|USO|EWC|HYG|LQD|EWU|TIP|DIA|QUAL|EFA|SHY|IEF|USMV|BIL|BND,0.6535047619047619,0.005698543411732852,0
2025-08-06,43,30,30,0.9999999999999999,EEM|XLE|SLV|VTI|SPY|XLY|XLC|MDY|XLU|VWO|XLI|XLK|EWA|QQQ|TLT|XLV|XLB|LQD|GLD|XLF|VGK|USMV|RSP|DIA|EWU|EMB|XLP|TIP|QUAL|VNQ,0.6524000000000001,0.005427704214446102,0
2025-08-20,43,22,22,1.0,EWJ|MTUM|XLK|XLF|EFA|XLC|EWC|XLV|EMB|QQQ|EWA|DBC|USO|IEF|TIP|TLT|XLRE|EEM|BND|XLU|LQD|BIL,0.6269636363636364,0.006186136144930617,0
2025-09-04,43,26,26,1.0,EWJ|GLD|EFA|MTUM|XLC|RSP|EWU|MDY|XLE|EWC|XLB|XLU|XLV|XLI|EEM|DBC|XLF|XLP|SPY|USMV|VWO|SHY|VTI|DIA|BIL|QUAL,0.6756769230769231,0.005496965666372033,0
2025-09-18,43,19,19,1.0,XLY|EWC|EEM|XLRE|VWO|QUAL|XLB|VTI|QQQ|SPY|TLT|MTUM|EMB|XLU|RSP|XLV|BIL|XLI|VGK,0.6323789473684209,0.00515096569925517,0
2025-10-02,43,25,25,0.9999999999999999,VGK|SLV|EWJ|XLK|EEM|VWO|XLC|VTI|XLF|EWU|USMV|SPY|XLRE|TLT|XLB|VNQ|XLV|IEF|TIP|QUAL|DBC|XLP|SHY|XLU|BIL,0.632864,0.00623429480830155,0
2025-10-16,43,29,29,0.9999999999999997,IWM|QUAL|XLV|SPY|DIA|VGK|RSP|MTUM|VTI|MDY|VWO|EWU|EMB|XLF|EFA|BND|EWJ|QQQ|EEM|XLK|XLB|TLT|GLD|XLP|SHY|HYG|EWA|BIL|XLY,0.7153379310344827,0.0037308677799479948,0
2025-10-30,43,28,28,0.9999999999999999,SLV|GLD|XLU|XLK|XLY|QUAL|VWO|EWC|MTUM|XLF|IWM|TLT|IEF|DBC|EMB|MDY|XLP|EEM|VGK|USMV|LQD|BND|VTI|SHY|BIL|DIA|XLV|XLRE,0.6524571428571428,0.006595651931739777,0
2025-11-13,43,28,28,1.0,XLC|SLV|XLK|USO|GLD|XLU|VGK|MTUM|QQQ|DIA|XLF|XLE|XLI|EWU|EMB|RSP|USMV|IEF|BND|EWC|XLB|EWA|VNQ|BIL|MDY|DBC|IWM|HYG,0.6541142857142858,0.007993046055413669,0
2025-11-28,43,30,30,1.0,QQQ|XLC|USO|MTUM|XLU|SPY|XLY|EWA|XLF|XLK|IWM|EWJ|XLB|VTI|XLP|EFA|TLT|MDY|EMB|VGK|XLI|VNQ|XLRE|IEF|EWC|VWO|RSP|HYG|DIA|LQD,0.6426799999999999,0.006665589649079795,0
2025-12-12,43,28,28,1.0000000000000002,XLK|XLC|USO|IWM|MTUM|QUAL|XLV|XLY|EWC|DIA|QQQ|EFA|XLP|XLB|VGK|RSP|XLRE|TLT|XLF|XLI|MDY|DBC|XLE|SHY|VWO|LQD|EMB|BIL,0.6546714285714286,0.005537272071386093,0
2025-12-29,43,22,22,1.0000000000000002,XLK|MTUM|XLF|QUAL|EFA|EWC|GLD|EWA|VGK|DBC|QQQ|IWM|VNQ|VWO|HYG|TLT|XLC|IEF|BND|SHY|BIL|XLP,0.6306,0.005663081873138596,0
2026-01-13,43,30,30,1.0,GLD|XLK|EWJ|XLB|XLC|MDY|EWU|IWM|XLY|XLF|VTI|DIA|QUAL|XLRE|EWA|XLP|RSP|XLU|TLT|VGK|HYG|EMB|TIP|IEF|BND|USMV|DBC|LQD|BIL|SHY,0.6366400000000001,0.006266668096782853,0
2026-01-28,43,19,19,1.0,SLV|GLD|EWJ|EEM|XLK|VGK|EWC|XLB|DIA|USMV|HYG|EWA|XLF|BND|VNQ|TIP|BIL|MDY|XLY,0.6144000000000001,0.007583914515437729,0
2026-02-11,43,27,27,1.0,XLB|XLF|EEM|EWA|VGK|DIA|EWC|MDY|VWO|RSP|XLU|DBC|XLY|SPY|QUAL|TLT|VTI|XLRE|USMV|MTUM|XLK|SHY|EMB|XLV|LQD|BND|BIL,0.6454074074074073,0.0053448756928814335,0
2026-02-26,43,18,18,1.0,SLV|USO|EWC|VGK|QQQ|VWO|XLC|XLU|DIA|XLV|IWM|TLT|VTI|HYG|SPY|SHY|EWA|BIL,0.6260222222222223,0.009882411496465774,0
2026-03-12,0,0,1,1.0,SHY,,,1
